{
  "ExcludeCompanionsFromIsekaiClass": false,
  "NewSettingsOffByDefault": false,
  "Feats": {
    "DisableAll": false,
    "Settings": {
      "Exceptional Feats": {
        "Enabled": true,
        "Homebrew": true,
        "Description": "Adds Exceptional feats to feat selection."
      }
    },
    "IsExpanded": true
  },
  "Heritages": {
    "DisableAll": false,
    "Settings": {
      "Isekai Heritages": {
        "Enabled": true,
        "Homebrew": true,
        "Description": "Adds Isekai Heritages."
      }
    },
    "IsExpanded": true
  },
  "Backgrounds": {
    "DisableAll": false,
    "Settings": {
      "Isekai Backgrounds": {
        "Enabled": true,
        "Homebrew": true,
        "Description": "Adds all the Isekai Backgrounds."
      }
    },
    "IsExpanded": true
  },
  "Classes": {
    "DisableAll": false,
    "Settings": {
      "Isekai Protagonist": {
        "Enabled": true,
        "Homebrew": true,
        "Description": "Adds the Isekai Protagonist class."
      }
    },
    "IsExpanded": true
  },
  "Deities": {
    "DisableAll": false,
    "Settings": {
      "Isekai Deities": {
        "Enabled": true,
        "Homebrew": true,
        "Description": "Adds Isekai Gods."
      }
    },
    "IsExpanded": true
  }
}