{
  "OverrideIds": false,
  "NewBlueprints": {
    "AcidImmunity": "66ea106a-bb0c-4a52-a1bd-4fa77955ae4a",
    "AdministratorDFeature": "8d9d6a11-57fd-404d-ba56-069039a7b8cb",
    "AlphaStrike": "8f7a38b6-ab25-4578-83e2-0d095a247dcb",
    "AngelicBoltAbility": "ca121891-64ec-44e8-ab7d-bdd132c81e4b",
    "AngelicBoltUnitProperty": "d1fdf2bf-dc7f-44f4-a957-3b0ea98211f4",
    "ArcaneTricksterIsekai": "869bd1f3-b88c-4a65-a478-e2468816ea85",
    "ArcaneTricksterVillain": "28e0087b-56d1-4ff0-9cdf-b1781cf6c3b5",
    "ArmorOfStrength": "cdad77a1-43a6-4dc6-86db-28bb966ece6f",
    "ArmorSaint": "b82c92bd-3acf-40fd-a447-a0a730d65d70",
    "AuraOfDivineFuryAbility": "f1286e3b-e722-4ac4-8d2c-d679416418ae",
    "AuraOfDivineFuryArea": "aefefed5-7400-42d8-8ccd-b40e23882864",
    "AuraOfDivineFuryAreaBuff": "ce2a1b16-c727-4119-96e4-f4713bde9ead",
    "AuraOfDivineFuryBuff": "c184963a-4152-48a3-8aa8-6b55f67f706c",
    "AuraOfDivineFuryFeature": "587ffd94-f20b-4558-b9b4-30c59c9b6a79",
    "AuraOfGoldenProtectionAbility": "cbb73cca-8019-4be9-b141-912857de4ebe",
    "AuraOfGoldenProtectionArea": "e30be595-fbb1-4a73-9542-fbab025b561a",
    "AuraOfGoldenProtectionAreaBuff": "f6f01dc8-6d05-41e3-9ad6-f7b8bdc8e84a",
    "AuraOfGoldenProtectionBuff": "b025cc85-6989-4512-9bd8-14c88a3e0b8d",
    "AuraOfGoldenProtectionFeature": "203fd36f-2228-449b-bf51-f61c385ec77c",
    "AuraOfMajestyAbility": "07f6caaf-0005-429d-af13-d40f8453cbeb",
    "AuraOfMajestyArea": "d972a3da-0e4e-497f-adc2-f4019605e915",
    "AuraOfMajestyAreaBuff": "d721187a-499b-4ee2-a51f-d7569dab8313",
    "AuraOfMajestyBuff": "38ad66b1-b10c-44c1-86a7-d2a8a6df279c",
    "AuraOfMajestyFeature": "2d178124-ddb0-4be9-835b-f659009b6d82",
    "AuraOfRighteousWrathAbility": "a29e2b67-1e55-40a0-ab32-38ff7a231a7d",
    "AuraOfRighteousWrathArea": "342c439e-37b9-430e-a47f-e26bec5203dd",
    "AuraOfRighteousWrathAreaBuff": "03c632a7-7829-496e-be90-f1605c252ddf",
    "AuraOfRighteousWrathBuff": "f7c3d96d-521b-4d3b-9cdc-fc73b4f48d58",
    "AuraOfRighteousWrathEnchantment": "a2217b5a-9cc0-4ddf-9f04-49dc180da423",
    "AuraOfRighteousWrathFeature": "fd680a28-f187-4884-b8ea-f6f084d8d5c1",
    "AutoBolsterAbility": "5ad0040f-cc05-47b6-a22b-45f187af825b",
    "AutoBolsterBuff": "0a147ad2-fcb9-4bce-b2bd-27326b3df07d",
    "AutoBolsterFeature": "b1221f77-bb0a-45b1-b81d-bc993b1cd728",
    "AutoEmpowerAbility": "1291d796-c847-4f6e-a674-aaa8c472da6c",
    "AutoEmpowerBuff": "236781bd-b572-4dbf-bddd-a7b00d91a587",
    "AutoEmpowerFeature": "93906e16-de01-4a24-9163-33bdbe80c1a1",
    "AutoExtendAbility": "78d7f521-fec7-458a-a22b-911fcf7956bc",
    "AutoExtendBuff": "f6c63e57-c49d-4319-bd91-aa95809d4066",
    "AutoExtendFeature": "1990936f-9f50-4b5b-826e-394e34e05479",
    "AutoMaximizeAbility": "9b1b61f3-ab12-4c27-94cf-0a32547d84dd",
    "AutoMaximizeBuff": "aa2f0310-b64a-4d10-9a69-cd6e8963eeed",
    "AutoMaximizeFeature": "1fd610f4-ec36-4298-adca-bf9c5a0bc3cc",
    "AutoQuickenAbility": "eb1eef5f-b66d-42fd-9f6b-3811089eb995",
    "AutoQuickenBuff": "5e10bde0-8827-4e24-8eea-2af0ea594f66",
    "AutoQuickenFeature": "44f7f338-4d58-4e47-a1fb-b9c68b789333",
    "AutoReachAbility": "4a6f7cb7-4de7-4d86-803b-e7f076c11a40",
    "AutoReachBuff": "5f9d2439-39f2-4d34-8772-1208f9be6796",
    "AutoReachFeature": "5c70e774-8e0b-4441-a67a-f08f483d66a3",
    "AutoSelectiveAbility": "200e9eab-fdd8-4e5e-9461-b49c855416a5",
    "AutoSelectiveBuff": "f6acf6bc-d6d5-48f5-a34b-82d8784607c5",
    "AutoSelectiveFeature": "d65a5f18-5014-4697-afaa-c5858f06116e",
    "BackgroundBetaTester": "b02bce21-632d-4a54-b46e-de9620b8ebcd",
    "BackgroundGamer": "2490f301-fc55-4be5-a726-34b8436e29e6",
    "BackgroundHighschoolStudent": "c94d449b-7978-45e8-89cc-2c7f76999203",
    "BackgroundMartialArtist": "f1502fbd-14dc-431d-9481-43e910425dc6",
    "BackgroundOtaku": "9929eb69-6f55-4670-9059-4006b9d11a17",
    "BackgroundRebornDemonLord": "b0cacd75-536f-4b30-b453-0c00730419d8",
    "BackgroundSalaryman": "e7151a7f-449c-4aa6-bda4-8fa41e1b489a",
    "BackgroundTabletopRPGPlayer": "d317a919-354f-4c40-a7ae-285f293f106b",
    "BeachEpisodeSelection": "7697c19c-c07c-4411-ada4-5ece5b0a58fc",
    "BetaStrike": "290c88af-a0eb-43f8-88ac-e49a76ccec0c",
    "BlackWingsAbility": "c059b7c6-89b2-4472-a7eb-83bb6672c442",
    "BleedImmunity": "3bedcb37-0103-4ca5-af11-eb56aac5ffbf",
    "BlindImmunity": "4e92c46e-49c3-463e-84a4-e3674f111a2c",
    "BodyStrengthening": "f48b2667-6ac5-4971-b0a4-6e04d5082680",
    "CelestialRealmAbility": "454f97b6-a9a5-4fe7-946d-6ae46c830a73",
    "CelestialRealmArea": "8fd93643-e7b0-4d65-99ba-9e54b13319de",
    "CelestialRealmAreaBuff": "2d2d6956-caaa-4c71-b2d0-b7a576cc264a",
    "CelestialRealmBuff": "72c83033-906c-49fb-b808-04d5c5b9ffe1",
    "CelestialRealmFeature": "2e6d56c2-ee78-4d74-b625-6c92fd3a4637",
    "CharmImmunity": "c33e1153-83ac-4492-bc1c-ec4abd83f2d7",
    "ColdImmunity": "f956dd94-9198-4011-b836-465ef8b1eeb8",
    "CompulsionImmunity": "835d41c1-11eb-4f08-98a9-78b2700cdf65",
    "ConfusionImmunity": "059f7160-029e-472c-818a-8781f7d53447",
    "CorrosiveWeaponAbility": "5eab1e05-908d-4dd5-8088-661caad3f6b6",
    "CorrosiveWeaponBuff": "031c57a6-181b-4a79-b36d-2a9c10af904e",
    "CorrosiveWeaponFeature": "14a3c35e-fd57-478f-be0d-47b2180ffd1e",
    "CorruptAuraAbility": "1ac5a96b-4861-4b77-8314-f2684d48a45f",
    "CorruptAuraArea": "770151d3-c0d7-4baa-b856-b94b23fdfea6",
    "CorruptAuraAreaBuff": "44a2f1f6-ec06-4f3d-8a41-c5debba18ea6",
    "CorruptAuraBuff": "d4968dff-22ad-435c-bd21-2b3f5afc69a0",
    "CorruptAuraFeature": "3852c32f-e3ac-45dc-bb14-d868a87467ac",
    "CoweringImmunity": "49c1fb42-3004-48f9-a588-b3bdb208371d",
    "CurseImmunity": "3b8233b9-2e9f-4af2-8ac4-64eaf365f102",
    "DarkAuraAbility": "fee7e12a-40fe-450c-9901-813b58a695cc",
    "DarkAuraArea": "f56e4cb4-2f89-4c6f-8e88-2297505f42d8",
    "DarkAuraAreaBuff": "15de04ea-523a-48c8-942b-19619fa2b657",
    "DarkAuraBuff": "933e2f47-c9b1-4b73-a76c-6072f9171ec6",
    "DarkAuraFeature": "67f01a9d-f8d8-474d-bd5b-db91a616cf16",
    "DazedImmunity": "296b2398-e337-43a5-bcd3-c301d5736aaa",
    "DazzledImmunity": "52a17692-52be-456f-a0d0-602de8b0816d",
    "DeathImmunity": "e3b3fa3f-9b10-4d54-8a75-b7aca3eba1e3",
    "DeathsnatcherAnimateDeadAbility": "70519d59-f1e4-496e-956e-f123a6a99b74",
    "DeathsnatcherAnimateDeadAdditionalUse": "e039f651-9ad8-4a2c-b3e2-b35c35d9b8bb",
    "DeathsnatcherAnimateDeadFeature": "6d1d10d8-f55d-4b3a-94ce-8080884fff1f",
    "DeathsnatcherAnimateDeadResource": "8e4456b8-42db-4a64-ba8c-4a65d1e041e7",
    "DeathsnatcherClass": "e44a0435-06db-43e8-8762-35cd775bfd86",
    "DeathsnatcherClassProgression": "be954421-a769-4980-b04d-9725495e1ad6",
    "DeathsnatcherCommandUndeadAbility": "cd2c1ae4-f981-4f6d-9f52-55cebac81747",
    "DeathsnatcherCommandUndeadFeature": "5ea8dedf-7d32-4fdb-af64-73b61ad80f31",
    "DeathsnatcherCommandUndeadResource": "5caa135a-9313-4029-9af3-ffb3335e1482",
    "DeathsnatcherCompanionProgression": "7a99875f-7d87-4cc0-a7fb-8ebdaabce9f8",
    "DeathsnatcherCreateUndeadAbility": "778b814c-1cef-404f-aa65-510202f14771",
    "DeathsnatcherCreateUndeadFeature": "d0f0a30a-a31c-4387-a281-d20b477312b6",
    "DeathsnatcherCreateUndeadResource": "443fd23d-6668-4f88-8c54-36cb9e4cf9b2",
    "DeathsnatcherFact": "c3222e37-2c5d-439d-982c-f96a4bbdfbf2",
    "DeathsnatcherFastHealing": "2592a3a7-3e5c-4904-a278-5c2631a3d9a6",
    "DeathsnatcherFeature": "c7f80655-70dd-4c86-8c47-7b553ccbc662",
    "DeathsnatcherFingerOfDeathAbility": "8c87b09b-3b9c-49c1-8957-87734de017c9",
    "DeathsnatcherFingerOfDeathFeature": "ffa4c9ae-228f-4ee6-9d74-cce557472bf4",
    "DeathsnatcherFingerOfDeathResource": "41c07e77-acd9-4690-99d1-2474b45ed83b",
    "DeathsnatcherNaturalArmor": "7029a082-0258-49c7-956c-eee17abcef11",
    "DeathsnatcherPoisonSting": "d89a04b8-1266-4a94-a4f5-47968835602e",
    "DeathsnatcherPortrait": "969ea9ec-c47c-4fa5-bc12-c5aadc1efcd8",
    "DeathsnatcherResistances": "a81a32ae-b3de-4b4b-9259-485ebe600877",
    "DeathsnatcherSizeBaby": "03ddb4e2-8a88-4532-af4a-93673eaa6383",
    "DeathsnatcherSizeBabyBuff": "5692d554-a2bc-4018-9c25-3a612297129e",
    "DeathsnatcherSizeBabyFeature": "3521cf3a-9c27-49ce-afc1-9233cc6e668f",
    "DeathsnatcherSlotFeature": "d4161122-8c8f-4282-a46d-3521256c7cc9",
    "DeathsnatcherUndeadMaster": "1a25fc4a-b94d-4e92-9d75-eb598c3a9af8",
    "DeathsnatcherUnit": "6846be37-6af5-4343-b4d4-884d849ceae1",
    "DemonWingsAbility": "bcbf5c15-38ff-4aba-a31d-71eb474041e3",
    "DevilWingsAbility": "92f9474f-1fe0-4ea2-8848-a6fd9ccd2bc1",
    "DevilWingsBuff": "a7c9d59b-17de-4fc4-ae74-80427448a2a6",
    "DiseaseImmunity": "f8810cf7-b80b-4fd2-9f82-3f3a040ed4f7",
    "DivineArray": "f5880fc0-9d39-4e61-9f2b-afde46d152c2",
    "DragonDiscipleIsekai": "5459c7f4-5b56-4e77-89f4-b8332ddb4aa5",
    "DragonDiscipleVillain": "93177109-389c-4cb0-8662-f18364e1e265",
    "DrowPoisonAbility": "ccf4ed15-373b-4cd5-83d0-91d84c61449e",
    "DrowPoisonBuff": "b478001c-e548-4c2a-9269-b146c3d26ca7",
    "DrowPoisonResource": "a4f0753d-c44d-473f-ad54-c27be125cc96",
    "DrowPoisonUnitProperty": "46ea8820-73d3-4820-969d-77c892addf31",
    "DupeGoldAbility": "ec30bae3-78a1-4c58-81aa-4722f3dd9469",
    "DupeGoldFeature": "8b74787b-f7e0-42e2-aace-7d3e9d198103",
    "EdgeLordArchetype": "900db658-4f20-4636-ae84-a198c2b50f58",
    "EdgeLordFastMovement": "087e0c42-d008-44c3-bb4b-d5b95387f862",
    "EdgeLordProficiencies": "08979809-7770-475e-934f-f69c270e3cf5",
    "EffectImmunityBonusSelection": "b2c198b0-8180-49c9-a1a8-a5c6112b37cc",
    "EffectImmunitySelection": "3da96f26-a8c7-4f58-8218-6ad192004c5b",
    "EldritchKnightIsekai": "d8594b8b-7be0-4ed3-b08c-3c96af5e1475",
    "EldritchKnightVillain": "befb34db-255c-4523-ae30-6e2751b676c8",
    "ElectricityImmunity": "ed887779-8eec-45df-99e6-6ea4a23ca904",
    "EnergyImmunitySelection": "10fab0a2-6824-4181-9cf8-82aaad72c7ee",
    "EntangledImmunity": "1a8d50f8-5d7a-4354-862d-896e340b0453",
    "ExceptionalFeatBonusSelection": "c429b994-e70f-4f61-a65b-c3130e2266a9",
    "ExceptionalFeatSelection": "f13b7a85-ea3c-450b-a2ef-c2f04b728515",
    "ExceptionalSummoningBonusSelection": "2469a345-5d08-4d53-9e28-ac0bc16783c3",
    "ExceptionalSummoningSelection": "d643aa89-079f-4af6-8c52-fea2a4292693",
    "ExceptionalWeaponBonusSelection": "e87a1bb7-1a5a-4263-9837-93c9ca167914",
    "ExceptionalWeaponSelection": "0798a829-44db-40e7-b62e-b3514cfb4abf",
    "ExhaustedImmunity": "6532c023-46c4-41a3-99f5-0617224a5511",
    "ExoticWeaponProficiency": "fde57853-1e20-4c24-8191-529f51c18772",
    "ExtraStrike": "5c37047c-4030-47c7-ab09-dac2d523f8ce",
    "ExtremeSpeedAbility": "91e70095-88bd-467c-bd9c-ba6f980c7576",
    "ExtremeSpeedArea": "019ae11e-9e49-4727-b0ee-d39800a431bc",
    "ExtremeSpeedAreaBuff": "2b57d0d0-20fd-479e-9bb8-95529a0ca8bf",
    "ExtremeSpeedBuff": "0974fddf-1011-4871-8fa8-95ce6d4f5858",
    "ExtremeSpeedFeature": "51da3531-fc19-4e1a-abd2-804ce067c1f1",
    "FatigueImmunity": "cdbe260e-85a1-4f95-b90b-7d054b37270d",
    "FearImmunity": "f84a53e9-5467-41d0-8ef6-74ceeb38ce1c",
    "FerociousSummoningAbility": "556880d1-d257-4c1c-b63c-e67d39d6da77",
    "FerociousSummoningBuff": "b4705ca7-358c-4961-a0d5-119a2e1ba587",
    "FerociousSummoningFeature": "409eea83-086c-40bb-bf39-4f0d7743be1d",
    "FerociousSummoningSummonBuff": "4d0572d4-da04-4fbb-bb65-7299c7ed1b9d",
    "FireImmunity": "9762e6ff-bd61-4f91-83a0-1f8f1391d147",
    "FlamingWeaponAbility": "a29f3c9e-8249-4be0-89fa-4aac8ba0a3c4",
    "FlamingWeaponBuff": "90b3fb4c-6b67-4e23-9e59-4e190dad7ea6",
    "FlamingWeaponFeature": "6d8ae869-50c1-43c0-b940-98efc9e1e751",
    "ForbiddenSummoningAbility": "d9ebb672-cd50-4e52-8aa3-8ab29d4fd6ab",
    "ForbiddenSummoningBuff": "8dd67af9-9ec5-4f2a-8c11-f1b452f95d93",
    "ForbiddenSummoningFeature": "b38b47ce-0bd1-4989-9b24-44f0d10ebe06",
    "ForbiddenSummoningSummonBuff": "16e3a425-5a23-408b-ac2d-60b26411225b",
    "FriendlyAuraAbility": "7b1b7ada-b0aa-4fb3-9768-be512e9b02f0",
    "FriendlyAuraArea": "5bfec8d0-c27b-4d34-b8d3-d532bfc78386",
    "FriendlyAuraAreaBuff": "ce7fbc51-9904-4200-b15f-949b4d73e518",
    "FriendlyAuraBuff": "450c2d6c-4ffd-4f45-971e-099457e0dd54",
    "FriendlyAuraFeature": "b509ab2b-7968-4280-807f-0e49e3ce777c",
    "FrightenedImmunity": "1a7f27ca-a0b1-4539-a71a-4d84554eae3a",
    "FrostWeaponAbility": "b1cb41ac-09dd-4a84-95a6-41dc414c6cb6",
    "FrostWeaponBuff": "b9261745-2da9-4dce-9c0e-208522eaff73",
    "FrostWeaponFeature": "dfb63e55-ff95-4adf-a12a-3eea3428debf",
    "GammaStrike": "1c4edc77-1a1e-4bc8-add2-8784a14551b4",
    "GhostWingsAbility": "0a3c12e5-1dd8-44be-b67a-39fd445d8660",
    "GoddessAquaFeature": "8a8a7ec9-ed8b-4002-be42-307637e5cd8a",
    "GoddessRistarteFeature": "e502bb18-5ec7-494d-a20d-fa528b395d55",
    "GodEmperorArchetype": "2ff78bd9-6224-4376-9f64-720ce94d0616",
    "GodEmperorEnergySelection": "d29f91a8-de2d-4b85-b929-14b438acf19e",
    "GodEmperorProficiencies": "1f112bb6-3b8e-44ca-8158-325436f6b308",
    "Godhood": "57649922-6046-4aa7-82aa-6f3c95ecb9e4",
    "GodlyVessel": "128a880e-72d8-4800-b246-dcc85d7edb1d",
    "GracefulCombat": "bfe81697-dba2-42bd-ac5a-6c51b8f43004",
    "HealthyBody": "c6165832-f997-40bb-b0af-145ea74670a4",
    "HellknightSignifierIsekai": "0b417c38-5b73-4723-815d-d31021d83dee",
    "HellknightSignifierVillain": "e40dd66f-a0de-4656-bdb6-f6ca23a93efe",
    "HeroArchetype": "95b27caf-1d96-40f1-8388-aeb2a822e24b",
    "HeroProficiencies": "52d94ea9-9301-4acd-a691-b4661dbac7f1",
    "HerosPresenceArea": "28ad0556-3ec1-44a2-ae81-bef4a2ef5c98",
    "HerosPresenceAreaBuff": "be14db2b-cf86-4bb2-bb12-7b34a45cecf9",
    "HerosPresenceBuff": "0719c960-ce1b-4ebf-bd45-b64d6bcbdd62",
    "HerosPresenceFeature": "230d2557-97cb-4935-a251-2939b525c7c2",
    "HexImmunity": "879a6f61-cf23-4ad5-9267-9912828e30da",
    "InfiniteSpaceFeature": "72ad9cc8-3ef1-4286-b5e4-29b9597d54b8",
    "InnerPower": "51c61f4f-a583-48dd-8824-3dc4864ef844",
    "InstakillAbility": "55e06f68-8f56-4d4b-824f-f6bbaa46899d",
    "InstakillFeature": "d9c8316e-3a4f-4737-ae7c-56838eb42540",
    "IsekaiAirBlastAbility": "9c7a42f2-f692-406c-9e67-b6328ef5ae0c",
    "IsekaiAirBlastBase": "92a95914-e848-425a-ae90-8285b82c0b69",
    "IsekaiAirBlastCyclone": "a7125cb0-52f3-4190-893e-26f5e975d26d",
    "IsekaiAirBlastExtendRange": "c4b1857a-d19b-432e-98a8-329440554ca7",
    "IsekaiAirBlastFeature": "82dbd5d7-8d9f-4925-841a-82a575486aa1",
    "IsekaiAirBlastSpindle": "3ba684ca-253a-4f35-b809-cda44471b95d",
    "IsekaiAirBlastTorrent": "422948ea-177b-44ca-bfbf-5f015e817a19",
    "IsekaiAirBlastWall": "01c4ec42-adc5-44f0-82a0-b40b3b985561",
    "IsekaiAirBlastWallArea": "28e3607c-b373-40ae-87e7-c0768ce6b3aa",
    "IsekaiAngelHeritage": "fe1c2ffe-2b29-4e02-8d17-dfce5670bacf",
    "IsekaiBackgroundSelection": "5400da49-2595-443c-b6ba-0574d8c191dd",
    "IsekaiChannelNegativeEnergyAbility": "3c96cd97-68f3-4830-b25b-67b0199f8bb8",
    "IsekaiChannelNegativeEnergyFeature": "f185f40b-228f-4cce-a0e7-aceb0fb53363",
    "IsekaiChannelNegativeHealAbility": "60ccdbf8-c344-45e1-b141-c53a902e59be",
    "IsekaiChannelPositiveEnergyAbility": "2c70c4c3-89c4-4061-8f42-f6056e6d8512",
    "IsekaiChannelPositiveEnergyFeature": "c8737e26-15a5-4b4b-b44e-2323ee6f5f8c",
    "IsekaiChannelPositiveHealAbility": "00402908-33cd-4a48-bc0b-1add315b0702",
    "IsekaiDarkElfHeritage": "aa48248f-484e-4651-b4bc-87d1b1cad68d",
    "IsekaiDeitySelection": "d7a574be-5e91-4420-b859-9f0ff708fdcf",
    "IsekaiDialogueHulrun": "068f20c2-6f38-4a36-8480-67a3df51249d",
    "IsekaiDialogueRadiance": "6eb1b1a0-12ea-4cbd-960e-9bb3b9e619f5",
    "IsekaiEarthBlastAbility": "d457dcff-472d-4067-9af8-7b0ab1fb9dc5",
    "IsekaiEarthBlastBase": "a2bf00f3-a9f3-43ef-af8a-099845268213",
    "IsekaiEarthBlastDeadlyEarth": "5e7b5fa0-b88c-4e16-bc8d-b4be385f1eed",
    "IsekaiEarthBlastDeadlyEarthArea": "fa9b553e-81bc-45ba-ab36-b4a79ada7bc8",
    "IsekaiEarthBlastExtendRange": "f2552a9e-5af0-41ce-a028-a1efca99b839",
    "IsekaiEarthBlastFeature": "df1a94fa-fb85-4912-8d98-bd53052b5159",
    "IsekaiEarthBlastFragmentation": "7861b6c9-da19-474a-a102-8f6c920d2950",
    "IsekaiEarthBlastSpindle": "1160a15b-2dad-4154-bd85-37dcef5478fc",
    "IsekaiEarthBlastWall": "8b5c126f-2e50-408c-8ec4-61bffb664783",
    "IsekaiEarthBlastWallArea": "0f601c15-03f2-46c5-9e81-76e068c85c83",
    "IsekaiFamiliarSelection": "6988b26a-2bc0-4a9e-9411-e7cce90fb134",
    "IsekaiFastMovement": "7ad9bfd8-d189-4b7a-89c6-f93c401f1c7c",
    "IsekaiFighterTraining": "61c3c186-fc1a-4735-97e3-99e8b6eac959",
    "IsekaiFireBlastAbility": "a0158b56-d389-4c83-bf30-ec53bcf1d525",
    "IsekaiFireBlastBase": "92d1db12-2450-451c-b8ac-f10f16a5cfa1",
    "IsekaiFireBlastDetonation": "e3c5d081-969f-495b-896c-322c1d3056db",
    "IsekaiFireBlastEruption": "1d3c4f25-6834-46eb-86fe-ee0b4528146f",
    "IsekaiFireBlastExtendRange": "728267d2-b0db-4bea-84fa-07a58283251f",
    "IsekaiFireBlastFanOfFlames": "2e93fda1-79fc-481b-b59e-3422b6a74169",
    "IsekaiFireBlastFeature": "36421eb1-8f16-4182-a009-f1f58b3e16c4",
    "IsekaiFireBlastSpindle": "685fd22c-4010-46ed-8096-40f452fd12ab",
    "IsekaiFireBlastTorrent": "55769b98-7884-432d-84eb-b20d3c33efdc",
    "IsekaiFireBlastWall": "a3c58142-e433-4bf8-9c39-9643eb4980d1",
    "IsekaiFireBlastWallArea": "4a0cf761-f2d3-41e9-812d-4f9a898a0df5",
    "IsekaiHighElfHeritage": "e43cba05-c39e-4c09-b12d-125f0d4ca74c",
    "IsekaiKaylessaDrowLeader": "6bea7b0f-8b20-43ac-87a3-8ec8cd6615ae",
    "IsekaiPetSelection": "de3b6f1a-73a1-4a24-aa58-53af47f8e550",
    "IsekaiProtagonistBonusFeat": "414b5c1b-3b32-4e54-99e3-96505698a929",
    "IsekaiProtagonistBonusFeatSelection": "039dec4f-d83c-4e4b-9be9-e4aae6fe4b5b",
    "IsekaiProtagonistCantripsFeature": "7075cc91-de39-47f0-bbfe-e47b679ce1d0",
    "IsekaiProtagonistClass": "051cef8e-2906-4217-a6d5-c8011b1d9f60",
    "IsekaiProtagonistOverpoweredAbilityFeat": "107d5300-b827-4963-a84c-df0e61fa7107",
    "IsekaiProtagonistPlotArmorFeat": "91751bce-90bc-42a2-b667-c807146a0cfb",
    "IsekaiProtagonistProficiencies": "f85b2b09-e16e-4cd6-acba-d262d2a27881",
    "IsekaiProtagonistProgression": "c5190864-af7d-439e-981c-47d059e9c8c9",
    "IsekaiProtagonistSneakFeat": "409b95a4-31cc-4474-8886-d06050deb25c",
    "IsekaiProtagonistSpecialPowerFeat": "8f8b74df-5190-42e1-a7ae-ad797cb8430a",
    "IsekaiProtagonistSpellbook": "094d7d56-08e0-424b-944e-568030a529aa",
    "IsekaiProtagonistSpellList": "aaa34b3d-d70d-45b0-b060-5d125c7ef366",
    "IsekaiProtagonistSpellsKnown": "6d3f3e9e-a449-4bed-a4c6-865a5d01b346",
    "IsekaiProtagonistSpellsPerDay": "1f89acc7-f07c-4d76-b217-89fdd4f8414e",
    "IsekaiProtagonistTalentSelection": "b27a3573-9bbd-4653-bee5-9c022008c490",
    "IsekaiQuickFooted": "f178a6db-1e64-40d2-84ee-87483c9d681a",
    "IsekaiSprigganHeritage": "c153ef88-76a5-44f8-9c5d-7ffc03e9512f",
    "IsekaiSuccubusHeritage": "cd4ffe35-6174-429c-9379-97a3eb1eee70",
    "IsekaiVampireHeritage": "0a619c37-6809-4b08-aaa9-5644273b531c",
    "IsekaiWaterBlastAbility": "6fb0b324-1c8c-4f85-91ca-253c4b40eaa7",
    "IsekaiWaterBlastBase": "83d98a34-dcc5-4acf-bd05-2f1f4acf9135",
    "IsekaiWaterBlastExtendRange": "f597ff80-65e0-47df-8cad-920a4fed7baa",
    "IsekaiWaterBlastFeature": "56c00659-979f-4568-a856-5357c667da66",
    "IsekaiWaterBlastSpindle": "2a400687-b41d-40b9-bea5-5c246a420e62",
    "IsekaiWaterBlastSpray": "ca848d3a-3072-47a9-8a88-04cfbefd264b",
    "IsekaiWaterBlastTorrent": "ed027f25-ab4f-4fd4-9d1d-9d4a68975c96",
    "IsekaiWaterBlastWall": "24796e70-4d84-4ba5-b3c5-5169b033e868",
    "IsekaiWaterBlastWallArea": "f976a087-4616-4f16-8449-3aef0aaffe63",
    "IsekaiWoodElfHeritage": "07b30d8c-2ae5-4580-8e59-998e5959abd3",
    "KillingIntentAbility": "5fe5e85d-3240-4f0d-bfd1-c08a4995bf86",
    "KillingIntentFeature": "62a6a89b-a651-40d5-bbc8-2ec0ed0929f0",
    "KillingIntentResource": "acc86b80-2c50-4da7-951a-3df4f61c2cd7",
    "KineticBlastProficiency": "22c92618-54f2-4f15-be22-5a911522445c",
    "KineticPowerBurn": "5d556d9c-b9ab-4354-8832-c12eb1e632fa",
    "KineticPowerBurnPerRoundResource": "01f231ad-3b6f-43d6-a2b8-12aa7dd8e4dc",
    "KineticPowerSelection": "f9eebf4a-d2f0-4c85-bb92-f38bde458a0f",
    "LoremasterIsekai": "4133ad57-ec5b-4562-96d3-613e90418597",
    "LoremasterVillain": "63d7461a-e50e-4cb7-9fe5-51b2bdf742b8",
    "MagicalAmplification": "26bc90ec-1ae4-4c95-9bf2-38b25e023e2c",
    "MagicalSummoningAbility": "2ac919da-6b57-4c7a-8207-c7b8f5aebe87",
    "MagicalSummoningBuff": "098f65bf-9a95-4037-90e7-3ba6f7d68b60",
    "MagicalSummoningFeature": "5a095314-4b5d-4c06-bfef-3d70daedcaf8",
    "MagicalSummoningSummonBuff": "f62ec302-5ab5-435b-a75e-efff461e3288",
    "MasterSelf": "e18b657b-3167-4885-9ccc-cfcb2c4a3a4d",
    "MightySummoningAbility": "91cf3dae-7106-46ff-8719-6bea757143a5",
    "MightySummoningBuff": "1435e658-ec5c-4425-a087-21cd66aa756c",
    "MightySummoningFeature": "9428fd68-a233-43a9-afac-1e1b54c1f037",
    "MightySummoningSummonBuff": "1f017106-a0e3-4eef-a8f2-3bcb62256979",
    "MindAffectingImmunity": "f7e5c3e4-6a52-4b45-a214-ef116fcdcc1f",
    "MindControlAbility": "9e58a241-2624-45d3-b288-fa01239b433e",
    "MindControlBuff": "cf0f7bec-41eb-410a-bc27-edd0acbfc410",
    "MindControlFeature": "13c6bdb4-13b7-42f2-aa05-12e78f12e7d0",
    "MindControlImmunity": "56a15147-a3ef-4d58-a3da-db905cbaf3a6",
    "MovementImpairingImmunity": "9f354540-2654-4838-adcf-e3366c610709",
    "MundaneAura": "2a36d826-f9de-478d-bd43-3932b63b9ad0",
    "MysticTheurgeArcaneIsekai": "f6228a05-715a-4927-9f02-8d749adda086",
    "MysticTheurgeArcaneVillain": "96f884e0-33b4-4cd7-bdcd-ff1fb683a964",
    "MysticTheurgeDivineIsekai": "70fbae81-888a-422e-9ff1-639d7e7ec670",
    "MysticTheurgeDivineVillain": "5001b591-3223-4a91-88d6-bc5adc2d47eb",
    "NascentApotheosis": "c2ffd60b-ed95-4c7b-8486-948e870ad38c",
    "NauseatedImmunity": "a37aeed0-797a-4f9c-941b-35429af86535",
    "OmegaStrike": "6aae0390-982e-4ce4-bc12-ab81f860d597",
    "OtherworldlyStamina": "7f0bc8e8-34ad-4691-b66e-a2d526a35d0b",
    "OverpoweredAbilityMythicSelection": "46d086ef-4932-4fb1-8652-cd4afabada43",
    "OverpoweredAbilitySelection": "e74b529d-8ff2-4822-9abc-e475e446e6fb",
    "OverpoweredAbilitySelection2": "2521c2df-33a9-4c67-bbf4-c3ea4125baad",
    "OverpoweredAbilitySelectionVillain": "b8fdf264-0691-4e02-bbcc-6969f0e31d6d",
    "ParalyzedImmunity": "c0251985-f38c-428d-9c4f-457c9bf039ec",
    "PerfectRollAbility": "3a7b97f6-f6c6-4095-be85-5fd49dc39160",
    "PerfectRollBuff": "57b81080-a37d-45d8-8854-c8cbf30dce24",
    "PerfectRollFeature": "7b53443a-43b4-4c86-a1fc-3e57893333fa",
    "PetrifiedImmunity": "ebb1ca3e-8ffa-43db-89af-7f275af7e59d",
    "PlotArmor": "8acca981-65f0-4933-8093-3f788ec9d2c6",
    "PoisonImmunity": "4833da41-5f42-4390-afdf-508036d5cd39",
    "PrebuildIsekaiProtagonistFeatureList": "de7da5cc-7e37-438a-855c-a31f861a4960",
    "Reflect": "c101a56c-1260-4525-a99d-357db59acef0",
    "RegenerationFeature": "e6b4fa55-3e01-46c7-9e6b-a3f1911b0b65",
    "SecondFormBuff": "2601c5aa-4f9b-450f-8a50-69f36d694d3d",
    "SecondFormBuffEffect": "1204ffd1-2371-4497-bbde-e839ee202908",
    "SecondFormBuffTrigger": "7a626a0a-758a-4584-a90c-cb6032014bb7",
    "SecondFormFeature": "56365f1f-cf02-4ad7-873f-5b6dd6becbb2",
    "SecondReincarnation": "d174a98e-9963-4c90-8a0a-68a2d648195e",
    "SecondReincarnationBuff": "7fee4dae-16d8-46b8-be24-59d64101d75c",
    "ShakenImmunity": "48c5b721-2c91-4f50-883e-b9f972ebc908",
    "ShockWeaponAbility": "5e2d2de2-af68-4cf6-9960-ad001fc1ca9e",
    "ShockWeaponBuff": "8fdfcd55-9b3a-4496-a5b3-8e3d0008d8b9",
    "ShockWeaponFeature": "d6b30fd8-2c63-4ac5-b3ce-5a492f5288be",
    "SickenedImmunity": "83d1be73-aa82-44e6-856d-fc76290ef6f9",
    "SignatureAbility": "2fd6a680-7fc8-4d67-9394-27074333892f",
    "SignatureAttack": "834fc856-6aa1-4abc-aa59-7c100ad190f4",
    "SignatureMoveSelection": "9f2929df-e9fc-4cd2-9d40-6240763eb91f",
    "SiphoningAuraAbility": "45e3f209-d90b-41bf-81c1-404b5ed577ab",
    "SiphoningAuraArea": "aa309882-b248-4574-a0a8-44c997710f4f",
    "SiphoningAuraAreaBuff": "47ef4a38-afbc-40eb-868f-f5f5af3ea04b",
    "SiphoningAuraBuff": "d0bb7228-6ea3-4ae5-81d0-9eb5e350a330",
    "SiphoningAuraFeature": "ca467aba-ba1a-4ce4-a33f-a099f0813bbb",
    "SizeAlterationAbility": "1cfcc60f-ce65-406e-8325-2d1b91fc8707",
    "SizeAlterationBuff": "a01692d3-a363-4bee-800f-65d9e6c4d926",
    "SizeAlterationFeature": "6410e472-de88-4f4e-a617-ff9032091e95",
    "SleepImmunity": "97daaa9a-d8d5-4e71-9efc-9ad3273c934d",
    "SlowImmunity": "a3474c27-5166-438c-936f-a57c4c587c20",
    "SneakyMagic": "41cd30e3-b874-4b55-9c0a-4899f15eb0d1",
    "SonicImmunity": "609acbad-a8df-490a-9a4d-b5fc4a0cdf8e",
    "SpecialPowerMythicSelection": "0c3423e4-f150-4be9-856a-e0e3417e939e",
    "SpecialPowerSelection": "b5e98cc6-1828-4009-8a9d-ae8638eda059",
    "SpellMaster": "04652042-c0bd-4977-816a-995b0fa41d7d",
    "SpellNegationAbility": "a3f078e9-aee6-4adb-85a1-1079af938af1",
    "SpellNegationBuff": "92a00da0-0ab7-42f7-9390-b8acacb3bf35",
    "SpellNegationFeature": "4baa3f55-899d-43db-9a95-3a570f78263f",
    "StaggeredImmunity": "81876503-ce59-4a78-a11c-c94d720a007d",
    "StartingWeaponBardiche": "681414fb-25ff-4a43-a23d-687303dd67ed",
    "StartingWeaponBastardSword": "9c33b0ce-c3c6-47aa-8d97-5ef2df7d1ba8",
    "StartingWeaponBattleaxe": "84538168-f990-4e65-ae5c-bf91fb459ac2",
    "StartingWeaponClub": "2bde8fc1-016a-49b8-95f6-a44acce5b6ca",
    "StartingWeaponDagger": "f3c55fa3-b0c8-4054-aa69-7d48549414fa",
    "StartingWeaponDart": "c7d6fe5d-1c7d-4364-9b91-26bd46ed5dcf",
    "StartingWeaponDoubleAxe": "3924c2ea-dd72-42db-84c8-77baf121ea80",
    "StartingWeaponDoubleSword": "f5480d5c-cdf4-49ab-ac22-0f19afb1c227",
    "StartingWeaponDuelingSword": "5f3e5ab8-40b7-4d93-a478-e0367f65dfee",
    "StartingWeaponDwarvenWaraxe": "0c4e0b0d-feeb-42e6-b5d9-70b586c6c0bb",
    "StartingWeaponEarthbreaker": "dc81b57b-c1fc-42bf-8430-a80df41ffb73",
    "StartingWeaponElvenCurvedBlade": "b2add56c-1691-46d7-8627-d1b6a33d5adc",
    "StartingWeaponEstoc": "4ea721c5-1ccd-469d-bccb-e620c8fbb12b",
    "StartingWeaponFalcata": "b42698f9-fce7-45ca-8d55-4d22c5f26f9e",
    "StartingWeaponFalchion": "90e1c14e-2150-4e7b-8d4c-c7635a7a9c48",
    "StartingWeaponFauchard": "35703c4b-0cfc-4c00-995b-4a1a6cd1430b",
    "StartingWeaponFlail": "4ebdf38e-9027-47ab-ab5f-ef2e5f6f51bd",
    "StartingWeaponGlaive": "a59a1666-ee28-4a95-ae4d-f656a240db30",
    "StartingWeaponGreataxe": "03c7c953-9043-4aa9-ae9c-cdf81988f50a",
    "StartingWeaponGreatclub": "b3cae7b6-4860-484c-b9b7-01db1e3b7c38",
    "StartingWeaponGreatsword": "08ce1a73-c955-4114-94ce-d54e28401b09",
    "StartingWeaponHandaxe": "42c0fc9f-52bc-4100-858e-dae0af8b981b",
    "StartingWeaponHeavyCrossbow": "2766385a-b601-4b97-9716-a1fffdf1cfff",
    "StartingWeaponHeavyFlail": "d10ce487-c4b2-4772-bdff-eaa372947b49",
    "StartingWeaponHeavyMace": "e924cefa-b2e6-41d6-bc3d-650f34155b1a",
    "StartingWeaponHeavyPick": "3aee488c-f4a8-441a-aac4-e42ac102f698",
    "StartingWeaponHookedHammer": "48538ff8-5f11-4583-bebd-6016dbf3cbbf",
    "StartingWeaponJavelin": "293bd843-b422-449e-a6cd-00907328e3b0",
    "StartingWeaponKama": "ab554b3f-9fd1-41f9-afdf-fafc5eae6885",
    "StartingWeaponKukri": "fb8fcf12-0c70-48c1-87fc-0c883db18340",
    "StartingWeaponLightCrossbow": "00e84ebf-d3f9-4f1f-9ae4-e9864a63d5a9",
    "StartingWeaponLightHammer": "60ddcd13-cda6-4452-a332-1fd88b57d919",
    "StartingWeaponLightMace": "b7efc575-21d6-4422-beb8-0459251758aa",
    "StartingWeaponLightPick": "8bbf7088-b262-4b28-ada6-ea4e1d71c18c",
    "StartingWeaponLongbow": "3c25908f-04df-487f-b129-fa68b38ffd37",
    "StartingWeaponLongspear": "3ac08e61-05f1-494b-bffc-cdd1820cb4d8",
    "StartingWeaponLongsword": "dd728686-9223-4d01-b316-b750e9492e4e",
    "StartingWeaponNunchaku": "9dd9cf17-2fe8-4984-b8c5-4677e1182cff",
    "StartingWeaponPunchingDagger": "072632de-d384-4419-ba80-bae1eacc3819",
    "StartingWeaponQuarterstaff": "99adbe0d-759b-408c-b1f1-232bdf7b6133",
    "StartingWeaponRapier": "844fe2f6-1494-4ea1-879f-928ade729632",
    "StartingWeaponSai": "7329f3d9-5642-4511-833d-669f0297d81b",
    "StartingWeaponScimitar": "4488960e-12ad-4d5d-9e93-7fff67e90426",
    "StartingWeaponScythe": "bbb8b74d-952f-4b1a-afeb-edba0db5bc5c",
    "StartingWeaponSelection": "1dbbd5c3-19e6-4128-8707-b6e138221c1f",
    "StartingWeaponShortbow": "ad49fb39-1be0-48c5-86a6-bedee119a3a0",
    "StartingWeaponShortspear": "8e8dfdf8-8827-4ae1-aae1-5aaf9714571b",
    "StartingWeaponShortsword": "96fe5659-eda1-45c1-9dbe-da0cdb6ef42e",
    "StartingWeaponSickle": "31ae4c61-aaec-4ac5-b774-909ce11aba56",
    "StartingWeaponSpear": "b9b0b2dd-9375-4b21-b46e-e0926980b048",
    "StartingWeaponStarknife": "8832e8c9-8884-4292-883a-69fe54172e18",
    "StartingWeaponThrowingAxe": "29aea5ee-3970-4990-91d6-0c3a04dd93e7",
    "StartingWeaponTongi": "081ede49-edeb-4f60-9664-a521dd983c6a",
    "StartingWeaponTrident": "aa794755-4e1f-44ad-83b5-8d7a5ea35665",
    "StartingWeaponUrgrosh": "d3a34b9b-91b0-4c45-bea2-9ffe6955b665",
    "StartingWeaponWarhammer": "ce3cb5d2-6c13-494e-8438-ad589e529a37",
    "StunImmunity": "242905af-7046-498e-881d-03fb0ddd0b64",
    "SuccubusCharmAbility": "0e19dd2f-5e66-4d6b-8a48-9f00c221698d",
    "SuccubusCharmUnitProperty": "bc4e0bec-cfa4-4505-a7b1-eac579153d48",
    "SummonBaphomet": "577348de-29c4-4236-b8e4-286aa34c3aa4",
    "SummonBeastAbility": "e336a11c-5385-46d9-968c-e8a05bdf4f79",
    "SummonBeastFeature": "fb18c7c0-d84f-45dd-85f9-aba5a12944e5",
    "SummonCalamityAbility": "e379c45c-2eef-4229-bcc2-7b7f95bab93e",
    "SummonCalamityFeature": "0cbb549e-a311-4c52-b76e-033f7f1b5d20",
    "SummonDemonLordDeskari": "2df13679-7f57-4c8a-b82e-438738e60100",
    "SummonDemonMephistopheles": "d6b05e3f-ac55-4844-82c9-c66d4f489b69",
    "SummonDemonNocticula": "211f19a3-25b3-48a4-abcb-a78c531810e2",
    "SummonDevastator": "d2ed092c-5ee2-4d82-8ecd-069ff58b1196",
    "SummonHaremAbility": "7515ae38-dcb1-4bc7-9777-cb2805e68b86",
    "SummonHaremFeature": "78eabb74-8980-4195-a198-1f0aa4f550ac",
    "SummonHydra": "6f58108e-c27b-4fec-afc9-661575859d2c",
    "SummonMinotaur": "b44886d5-c705-4051-b536-d5d31b3002c2",
    "SummonOwlbear": "9a92ef44-bb94-4eb4-92a2-0fac062e652b",
    "SummonPlayfulDarkness": "f22ad860-834d-4df1-8c51-10e9890bb976",
    "SummonRoc": "f7a14395-d201-4eef-b13d-58cc76ae4b22",
    "SuperBuffAbility": "a75ce3b1-221e-4a4c-bc8f-0c5235938705",
    "SuperBuffDismissAbility": "731cd00a-7dee-4256-8209-7b4ecac0aa66",
    "SuperBuffFeature": "a7d8ceeb-9ab6-4d8a-9a1b-001e5b413732",
    "SupersonicCombat": "89a4f509-0847-4956-9564-0b6a04645f77",
    "SupremeBeing": "241af16f-4b0e-4866-b44c-c9d7f6a6fa34",
    "Tenacious": "cb9360d9-ea2e-418a-a75d-d0347c717280",
    "ThunderingWeaponAbility": "9825f5e9-e462-41f3-afaa-e70dfd6444e6",
    "ThunderingWeaponBuff": "b9934282-25e0-4141-a6f9-880588af92e5",
    "ThunderingWeaponFeature": "2b6b0b52-7baa-423b-9dd4-04b7b9b13162",
    "TrainingMontage": "557a9018-bea9-4f2a-b110-27e9d332ab56",
    "TruckKunFeature": "36513264-aae2-418f-8fd1-7525b143efd0",
    "TrueMarkAbility": "ba3e0f3b-55fd-4443-952a-f44d2586d2a9",
    "TrueMarkBuff": "89e23f11-d32b-46ef-9836-d136ea224e53",
    "TrueMarkFeature": "8956e383-fe4b-4b41-83f4-d426b40d487c",
    "TrueResurrectionAbility": "25c39cdd-c81f-43cc-8d14-c52c2adb3858",
    "TrueResurrectionFeature": "56cf33e8-6c2f-4759-ae2d-771c08ce17ff",
    "TrueSmiteAbility": "516866eb-537d-4e16-9be6-585f7b237a10",
    "TrueSmiteAdditionalUse": "96b4916b-dfdf-4cba-b1c0-96deeb9a0b6d",
    "TrueSmiteBuff": "bbb4182a-17a4-443c-88ba-28df72b218d2",
    "TrueSmiteFeature": "5203aa1b-4553-4f24-aa9d-a1b238aa7495",
    "TrueSmiteResource": "1d1029a9-d9ec-4fa2-8dd9-5e6bf449b019",
    "UnlimitedPowerAbility": "297c0daf-9cb3-49e8-aa50-9b4c711468c3",
    "UnlimitedPowerFeature": "be9871a9-0a70-4482-83a0-2b05f4584d84",
    "VillainArchetype": "7d9fa1f5-c8e2-4c68-adc7-bc493e94ae56",
    "VillainProficiencies": "b4d2cd29-c850-4716-95c1-74eca502a30c",
    "VillainQuickFooted": "2d0e8bf9-5978-45c3-bafc-9b3eefc573c7",
    "VillainSpellbook": "9f393ace-2006-436a-85f9-8b47f347d3cd",
    "WinterWitchIsekai": "a0413802-73fa-44c6-a9c8-bfeee0b20622",
    "WinterWitchVillain": "6b71585a-95fd-4264-bf01-5649461cc8c5"
  },
  "AutoGenerated": {},
  "UnusedGUIDs": {}
}